DateTime,Facebook, Reddit, Youtube, Twitter, Insta
2020-08-27 00:15:24.248395,39996091,72900,2700000,8312091,20223808
2020-08-27 00:44:25.461603,39996544,72900,2700000,8312941,20227043
2020-08-27 01:52:57.570705,39997526,73000,2700000,8314742,20234388
2020-08-27 07:10:55.858627,39999471,73000,2700000,8316868,20255869
2020-08-27 08:40:17.423193,39999770,73000,2700000,8317641,20259647
2020-08-27 13:00:00.593043,40000574,73100,2700000,8319445,20268478
2020-08-27 15:24:52.593043,40001440,73100,2700000,8320982,20271164
2020-08-27 18:28:33.864751,40002517,73100,2700000,8322853,20278733
2020-08-27 19:04:35.270817,40002784,73100,2700000,8323217,20280427
2020-08-27 22:37:13.050499,39995685,73200,2700000,8325131,20291087
2020-08-28 11:16:26.471273,39993940,73200,2700000,8327986,20314965
2020-08-28 16:06:49.573362,39993905,73300,2700000,8329130,20318868
2020-08-29 01:24:37.066780,39995027,73300,2700000,8324244,20341367
2020-08-29 12:03:12.776451,39994410,73400,2700000,8325716,20356041
2020-08-29 19:07:44.343205,39994710,73400,2700000,8327213,20362243
2020-08-30 01:18:54.838190,39995112,73400,2700000,8329075,20372498
2020-08-30 11:33:08.678776,39994446,73500,2700000,8330205,20383192
2020-08-30 17:49:33.766211,39994410,73500,2700000,8331606,20387157
2020-08-31 12:26:17.742387,39994482,73600,2710000,8336262,20411642
